KEYWORD,VOL,CPC,PD,SD,
conservative news,74000,$0.91,29,49,
conservative news sites,27100,$1.43,10,25,
conservative newsletter,6600,$1.66,30,29,
conservative newspapers,6600,$1.66,30,29,
conservative kadaza,4400,$3.00,1,15,
conservative news channels,3600,$0.85,8,17,
conservative news sources,2900,$1.21,16,19,
conservative news websites,2400,$0.87,12,17,
conservative news outlets,1900,$1.41,13,17,
conservative news apps,880,$2.26,27,22,
conservative news app,880,$2.26,27,22,
conservative news aggregator,720,$3.16,12,17,
conservative today,590,$0.45,24,21,
conservative news newsmax,320,$1.13,10,17,
conservative newspapers in usa,320,$1.97,26,13,
conservative news sites 2020,320,$2.55,5,7,
conservative news podcast,210,$3.41,2,14,
conservative news tv,170,$0.75,12,17,
conservative news sites 2019,170,$0,1,5,
conservative news sites online,170,$2.44,7,8,
conservative newspapers uk,140,$3.80,3,15,
conservative news radio,140,$1.62,6,15,
conservative news channels on tv,
140,
$0.68,
3,
7,
conservative news feed,
140,
$0.87,
35,
24,
conservative news townhall,
110,
$0,
1,
14,
conservative news headlines,
110,
$0.26,
25,
21,
conservative news on tv,
110,
$0.49,
11,
9,
conservative news canada,
90,
$2.37,
13,
17,
conservative news 100,
90,
$0,
1,
14,