No,Keyword,Search Volume,CPC,Paid Difficulty,SEO Difficulty
1,"software engineer salary",60500,"$5.13",3,33
2,"software engineer",60500,"$15.83",20,43
3,"software",49500,"$3.45",10,49
4,"software developer",33100,"$26.76",41,40
5,"software developer salary",18100,"$6.46",4,20
6,"software engineer jobs",12100,"$10.34",12,20
7,"software development life cycle",12100,"$13.94",3,10
8,"software as a service",12100,"$22.99",14,13
9,"software companies",12100,"$14.21",11,25
10,"software for graphic design",9900,"$6.60",100,38
11,"software architect",9900,"$4.89",47,35
12,"software reporter tool",9900,"$6.31",1,16
13,"software update",9900,"$1.81",18,26
14,"software for 3d printing",9900,"$3.43",97,37
15,"software 3d printer",9900,"$3.43",97,45
16,"software 3d modeling",8100,"$6.07",100,46
17,"software applications",8100,"$11.04",19,26
18,"software definition",6600,"$5.15",1,20
19,"software developer jobs",6600,"$10.37",13,19
20,"software engineer internship",6600,"$8.30",3,16
21,"software engineer resume",6600,"$5.54",3,16
22,"software tester",5400,"$10.93",33,29
23,"software testing",5400,"$10.93",33,29
24,"software systems",4400,"$4.94",3,21
25,"software update iphone",4400,"$5.31",4,16
26,"software defined networking",4400,"$39.57",33,25
27,"software engineer degree",4400,"$35.22",73,37
28,"software update mac",4400,"$3.26",3,16
29,"software center",4400,"$2.09",8,22
