KEYWORD,OVERALL,COMPETITION,VOLUME,SEARCH RANK
—Åhillstep playlist,Upgrade to Pro for access,Upgrade to Pro for access,Upgrade to Pro for access,1
sci-fi music,Upgrade to Pro for access,Upgrade to Pro for access,Upgrade to Pro for access,NaN
programming music,Upgrade to Pro for access,Upgrade to Pro for access,Upgrade to Pro for access,7
coding music for programmers,Upgrade to Pro for access,Upgrade to Pro for access,Upgrade to Pro for access,12
coding music,Upgrade to Pro for access,Upgrade to Pro for access,Upgrade to Pro for access,22
robot music,Upgrade to Pro for access,Upgrade to Pro for access,Upgrade to Pro for access,NaN
droid music,Upgrade to Pro for access,Upgrade to Pro for access,Upgrade to Pro for access,NaN
music for working,Upgrade to Pro for access,Upgrade to Pro for access,Upgrade to Pro for access,NaN
cyber music,Upgrade to Pro for access,Upgrade to Pro for access,Upgrade to Pro for access,3
future music,Upgrade to Pro for access,Upgrade to Pro for access,Upgrade to Pro for access,NaN
dark background music,Upgrade to Pro for access,Upgrade to Pro for access,Upgrade to Pro for access,NaN
dark playlist,Upgrade to Pro for access,Upgrade to Pro for access,Upgrade to Pro for access,NaN
music for creating,Upgrade to Pro for access,Upgrade to Pro for access,Upgrade to Pro for access,NaN
space music,Upgrade to Pro for access,Upgrade to Pro for access,Upgrade to Pro for access,NaN
dark chillstep music,Upgrade to Pro for access,Upgrade to Pro for access,Upgrade to Pro for access,17
future garage,Upgrade to Pro for access,Upgrade to Pro for access,Upgrade to Pro for access,NaN
dark minds,Upgrade to Pro for access,Upgrade to Pro for access,Upgrade to Pro for access,NaN
calm minds,Upgrade to Pro for access,Upgrade to Pro for access,Upgrade to Pro for access,NaN
robot sounds music,Upgrade to Pro for access,Upgrade to Pro for access,Upgrade to Pro for access,NaN
calm dark music,Upgrade to Pro for access,Upgrade to Pro for access,Upgrade to Pro for access,NaN
vangelis inspiration,Upgrade to Pro for access,Upgrade to Pro for access,Upgrade to Pro for access,NaN